[
  {
    "username": "cos-editor",
    "roles": { "User": 2001, "Editor": 1984 },
    "password": "$2b$10$cvfmz./teMWDccIMChAxZ.HqgL3eoQGYTm1z9lGy5iRf8D7NNargC",
    "refreshToken": "eyJhbGciOiJIUzI1NiIsInR5cCI6IkpXVCJ9.eyJ1c2VybmFtZSI6IndhbHQyIiwiaWF0IjoxNjMzOTkyNDU2LCJleHAiOjE2MzQwNzg4NTZ9.wRVJbN7_67JyTW9PALMWWEsO4BMkehyy5kXq6WilvWc"
  },
  {
    "username": "cos-user",
    "roles": { "User": 2001 },
    "password": "$2b$10$oEbHZlazDHE1YnnJ4XdpGuGh9a/JZOO7Xe6WZtRRsSMgprxMXnKza",
    "refreshToken": ""
  },
  {
    "username": "cos-admin",
    "roles": { "User": 2001, "Editor": 1984, "Admin": 5150 },
    "password": "$2b$10$33Q9jtAoaXC4aUX9Bjihxum2BHG.ENB6JyoCvPjnuXpITtUd8x8/y",
    "refreshToken": "eyJhbGciOiJIUzI1NiIsInR5cCI6IkpXVCJ9.eyJ1c2VybmFtZSI6ImNvcy1hZG1pbiIsImlhdCI6MTczMjcwNzIyMywiZXhwIjoxNzMyNzkzNjIzfQ.PW1Lt--XR1yOuhMwBq8tceR5lIm4xy7iz1zUbZc4NXs"
  }
]
